CHR,PART,removedNum,filteredNum,removedBonfNum,filteredBonfNum,removedPMin,removedPMean,filteredPMean,filteredPMin
16,4,51,5,6,0,1.61129067375973e-11,2.38338191261912e-08,3.2632423604818e-08,1.67362330214175e-08
17,4,49,2,40,0,4.86615735899635e-11,3.50024362174181e-09,2.75281097341958e-08,1.72823390819e-08
16,7,41,4,3,0,9.24216412404288e-16,1.50580152414452e-08,2.18549909733631e-08,2.5074576118505e-09
17,12,46,2,4,0,4.09623802587345e-10,9.62087766039529e-09,2.12569121846459e-08,3.37804362668817e-09
16,14,28,2,4,0,1.17653916155322e-13,1.52290850070258e-08,7.05604370803801e-09,6.72991782562961e-09
8,17,8,5,1,0,1.54233457668847e-09,3.71461469711677e-08,2.0423720996178e-08,1.73620508935149e-09
15,22,31,17,1,0,8.42342805967548e-10,2.52070952260846e-08,2.50533007838082e-08,5.64648592869398e-09
16,28,7,2,2,0,4.97895856005182e-10,2.17547908981967e-08,3.50180781230411e-08,3.43202003766484e-08
